60614939	1c:enterprise programming language	0	[]	[]
2994340	a#	2004	[]	[]
60383	a-0 system	0	[]	[]
890931	a+	1988	['Array']	['dynamic', 'strong']
425819	a++	0	[]	[]
271832	abap/4	1983	['Object-oriented', 'structured', 'imperative']	['static', 'strong', 'safe', 'nominative']
147585	abc	0	['multi-paradigm', 'imperative', 'procedural', 'structured']	['strong', 'polymorphic']
60450	abc algol	0	[]	[]
928669	acc	0	[]	[]
85065	accent	0	[]	[]
9216093	distributed application specification language	0	[]	[]
1273369	action!	0	[]	[]
519691	actionscript	1998	['Multi-paradigm', 'object-oriented', 'prototype-based', 'functional', 'imperative', 'scripting']	['strong', 'static']
26849115	actor	0	[]	[]
1242	ada	1980	['Multi-paradigm']	['static', 'strong', 'safe', 'nominative']
11517646	adenine	0	[]	[]
32996364	agda (theorem prover)	0	[]	[]
50687330	agilent vee	0	[]	[]
933477	agora	0	[]	[]
31460418	aimms	0	[]	[]
948551	aldor	1990	['Multi-paradigm', 'object-oriented', 'functional', 'imperative', 'dependent typed', 'logic']	[]
1935217	alef	1992	['compiled', 'concurrent', 'structured']	['static', 'strong']
11868019	alf	0	['multi-paradigm', 'logic', 'functional']	[]
944870	algol 58	1958	['procedural', 'imperative', 'structured']	[]
692878	algol 60	1960	['procedural', 'imperative', 'structured']	[]
692880	algol 68	1968	['multi-paradigm', 'concurrent', 'imperative']	['static', 'strong', 'safe', 'structural']
211058	algol w	1966	[]	[]
30877972	alice	2000	['Multi-paradigm', 'imperative', 'functional', 'distributed', 'concurrent']	['strong', 'static', 'inferred']
933674	alma-0	0	['multi-paradigm', 'constraint', 'imperative', 'logic']	['static']
12036551	ambienttalk	2006	['object-oriented', 'prototype-based', 'Concurrent', 'Event-driven', 'Reflective']	['dynamic', 'strong']
114313	amiga e	0	[]	[]
2957	amos	1990	['Imperative', 'Procedural']	[]
1076270	ampl	1985	['Multi-paradigm', 'declarative', 'imperative']	[]
39538319	angelscript	2003	['Multi-paradigm', 'scripting', 'imperative', 'procedural', 'object-oriented']	['static', 'strong']
49183653	apex	0	[]	[]
1451	apl	1966	['Array', 'functional', 'structured', 'modular']	['dynamic']
43500036	app inventor for android	0	[]	[]
88392	applescript	1993	['Natural language programming', 'Scripting']	['weak', 'dynamic']
3673047	apt	0	[]	[]
188190	arc	2008	[]	['dynamic']
1858505	arexx	0	[]	[]
27580389	argus	0	[]	[]
1368	assembly language	1949	['Imperative', 'unstructured']	[]
1485612	autohotkey	0	[]	[]
51458	autolisp	1986	[]	[]
2211949	averest	0	[]	[]
1456	awk	1977	['Scripting', 'procedural', 'data-driven', '[1]']	[]
22433033	axum	2009	[]	[]
2883	active server pages (asp)	0	[]	[]
4475	b	1969	[]	['word']
22848897	babbage	1971	['procedural', 'structured', 'High-level assembler']	[]
57629994	ballerina	2017	[]	['structural', 'strong', 'static', 'inferred']
4547	bash	0	[]	[]
4015	basic	1964	['Non-structured', 'procedural', 'object-oriented']	[]
646359	bc	0	[]	[]
4052	bcpl	1967	['procedural', 'imperative', 'structured']	['word']
1565435	beanshell	1999	['Object-oriented', 'scripting']	['dynamic', 'strong']
15264030	batch file	0	[]	[]
21119400	bertrand	0	[]	[]
135868	beta	0	['Object-oriented']	[]
24740516	bliss	0	[]	[]
44494473	blockly	0	[]	[]
436718	bloop and floop	0	[]	[]
1147624	boo	2003	['Object oriented']	['static', 'strong', 'inferred', 'duck']
21008097	boomerang	2008	[]	[]
92839	bourne shell	0	[]	[]
6021	c	1972	['Imperative', 'procedural', 'structured']	['static', 'weak', 'manifest', 'nominal']
1422467	c--	1997	['imperative']	['static', 'weak']
72038	c++	1985	[]	['static', 'nominative', 'partially inferred']
1064175	c*	1987	['multi-paradigm', 'object-oriented', 'imperative', 'parallel']	['static', 'weak', 'manifest']
2356196	c#	2000	['Structured', 'imperative', 'object-oriented', 'event-driven', 'task-driven', 'functional', 'generic', 'reflective', 'concurrent']	['static', 'dynamic', '[3]', 'strong', 'safe', 'nominative', 'partially inferred']
13281075	c/al	0	[]	[]
2242790	caché objectscript	1997	[]	[]
95839	c shell	0	[]	[]
2362118	caml	1985	['multi-paradigm', 'functional', 'imperative', 'object-oriented', 'OCaml']	['strong', 'static', 'inferred']
6528823	cayenne	0	[]	[]
5763798	cduce	0	[]	[]
527946	cecil	0	[]	[]
52437476	cesil	0	[]	[]
52350190	céu	0	[]	[]
31483631	ceylon	2011	['Object-oriented']	['static, strong, safe']
1109117	cfengine	0	[]	[]
390212	cg	0	[]	[]
6776794	chapel	2009	['Object-oriented', 'Partitioned global address space', 'Parallel programming']	['static', 'inferred']
1364508	charity	1992	['pure functional']	[]
31955729	charm (language)	0	[]	[]
765313	chill	1980	['procedural']	['static', 'strong']
1119698	chip-8	0	[]	[]
18718048	pp, chomski virtual machine	2007	['scripting language']	[]
478750	chuck	2003	['Multi-paradigm']	['strong']
945803	cilk	1994	['imperative', 'procedural', 'structured', 'parallel']	['static', 'weak', 'manifest']
49208585	citrine	2014	['Object-oriented', 'prototype-based']	['dynamic']
930956	claire	1994	['multi-paradigm', 'functional', 'object-oriented', 'class-based', 'rule processing', 'reflective']	['strong', 'static', 'dynamic']
508614	clarion	0	[]	[]
161878	clean	1987	['functional']	['strong', 'static', 'dynamic']
246367	clipper	1985	[]	[]
391542	clist	0	[]	[]
16561990	clojure	2007	['multi-paradigm', 'agent-oriented', '[1]', 'concurrent', '[2]', '[3]', 'functional', '[4]', 'logic', '[5]', 'macro', '[6]', 'pipeline', '[7]']	['dynamic', 'strong']
7575	clu	1975	['multi-paradigm', 'object-oriented', 'procedural']	['strong']
1181779	cms-2	1968	['Imperative']	[]
6799	cobol	1959	['Procedural', 'imperative', 'object-oriented']	['weak', 'static']
50155661	cobolscript	0	[]	[]
13862555	cobra	2006	['Multi-paradigm', 'object-oriented']	['strong', 'static', 'dynamic', 'inferred']
27403236	coffeescript	2009	['Multi-paradigm', 'prototype-based', 'functional', 'imperative', 'scripting']	[]
36436304	coldfusion	0	[]	[]
197700	comal	1973	['structured']	['strong']
31613960	combined programming language	0	[]	[]
1012894	comit	1957	[]	[]
46004	common intermediate language	0	[]	[]
6068	common lisp	1984	['Multi-paradigm', 'procedural', 'functional', 'object-oriented', 'meta', 'reflective', 'generic']	['dynamic', 'strong']
492451	compass	0	[]	[]
357599	component pascal	1997	['imperative', 'structured', 'modular', 'object-oriented']	['strong', 'static']
1753362	constraint handling rules	1991	['Constraint logic programming']	[]
4292196	comtran	1957	[]	[]
14782123	cool	1996	['Object-oriented']	['static', 'strong', 'manifest']
581974	coq (software)	0	[]	[]
7262	coral 66	1964	['procedural', 'imperative', 'structured']	[]
4891630	corvision	1986	[]	[]
94451	cowsel	1964	[]	[]
828614	cpl	1963	['Multi-paradigm', 'procedural', 'imperative', 'structured', 'functional']	[]
20921449	cryptol	0	[]	[]
48972626	crystal	2014	['Multi-paradigm', 'object-oriented', 'concurrent']	['static', 'inferred', 'structural', 'duck']
149998	csound	0	[]	[]
247370	communicating sequential processes	0	[]	[]
51797637	cuneiform	2013	['functional', 'scientific workflow']	[]
42537	curl	1998	['multi-paradigm', 'object-oriented', 'markup']	['strong']
302187	curry	0	['functional', 'logic']	['static', 'strong', 'inferred']
32669131	cybil	0	[]	[]
7645	cyclone	2002	[]	[]
18384111	cython	0	[]	[]
243881	d programming language	2001	['Multi-paradigm', 'functional', 'imperative', 'object-oriented']	['inferred', 'static', 'strong']
457504	datapoint's advanced systems language	0	[]	[]
33033735	dart	2011	['Multi-paradigm', 'scripting', 'object-oriented', 'class-based', 'imperative', 'reflective', 'functional', 'garbage-collected', '[1]']	['optional', 'static', '[4]']
12794721	darwin	1991	['imperative', 'structured', 'object-oriented']	['dynamic', 'strong']
742526	dataflex	0	[]	[]
968357	datalog	0	[]	[]
2214310	datatrieve	0	[]	[]
209537	dbase	1979	['Imperative', 'Declarative']	[]
562904	dc (computer program)	0	[]	[]
532369	digital command language	0	['imperative']	[]
598142	dibol	1970	['procedural', 'imperative', 'structured']	['static']
37830261	dog	0	[]	[]
507348	draco	1990	['imperative', 'procedural', 'structured']	['static', 'strong', 'manifest']
9912359	drakon	1996	['visual']	[]
8741	dylan	1992	['multi-paradigm', 'functional', 'object-oriented']	[]
26064582	dynamo	0	[]	[]
37774833	data analysis expressions	0	[]	[]
1377046	e	1997	['Multi-paradigm', 'object-oriented', 'message passing']	['strong', 'dynamic']
1968693	ease	1991	[]	['strong']
23708	pl/i	1964	['Procedural', 'imperative', 'structured']	[]
21771340	easytrieve	0	[]	[]
48971282	ec	2004	['Multi-paradigm', 'procedural', 'object-oriented', 'generic']	['static', 'nominative', 'partially inferred']
188515	ecmascript	1997	['Multi-paradigm', 'prototype-based', 'functional', 'imperative']	['weak', 'dynamic']
953419	edinburgh imp	0	[]	[]
1205107	egl	0	[]	[]
9838	eiffel	1986	['Object-oriented', 'Class-based', 'Generic', 'Concurrent']	['static']
1179492	elan	1974	[]	[]
38202780	elixir	2011	['multi-paradigm', 'functional', 'concurrent', 'distributed', 'process-oriented']	['dynamic', 'strong', 'duck']
37552825	elm	2012	['Functional']	['static', 'strong', 'inferred']
10392	emacs lisp	1985	['Functional', 'meta', 'reflective']	['dynamic', 'strong']
32529580	emerald	1980	['object-oriented']	['strong', 'static']
1933143	epigram	2004	['Functional']	['strong', 'static', 'dependent']
42016798	easy programming language	2004	['Multi-paradigm', 'compiled', 'imperative', 'procedural', 'object-oriented', 'functional']	[]
8664562	eltron programming language	0	[]	[]
9646	erlang	1986	[]	['dynamic', 'strong']
36811567	es (unix shell)	0	[]	[]
15127666	escher	1990	['declarative', 'functional', 'logic']	['static', 'manifest']
949062	executive systems problem oriented language	0	[]	[]
1285078	esterel	0	[]	[]
4052771	etoys	1996	['object-oriented', 'prototype-based', 'educational']	['dynamic']
827385	euclid	1970	['multi-paradigm', 'structured', 'imperative', 'functional']	['strong', 'static']
908540	euler	0	['procedural', 'imperative', 'structured']	['dynamic']
9647	euphoria	1993	['Imperative, procedural']	[]
7416368	euslisp robot programming language	0	[]	[]
9424740	cms exec	0	[]	[]
9424829	exec 2	0	[]	[]
4849249	executable uml	0	[]	[]
39845825	ezhil	2007	['interpreted', 'imperative', 'structured']	['strong', 'dynamic']
1283488	f language	0	['procedural', 'modular']	['static', 'manifest']
239964	f#	2005	['Multi-paradigm', 'functional', 'imperative', 'object-oriented', 'metaprogramming', 'reflective', 'concurrent']	['static', 'strong', 'inferred']
38420593	f*	0	['Multi-paradigm', 'functional', 'imperative', 'formal verification']	['static', 'strong', 'inferred', 'dependent types', 'formal verification']
891398	factor	2003	['multi-paradigm', 'functional', 'concatenative', 'stack-oriented']	['strong', 'dynamic']
18969637	fantom	2005	['multi-paradigm']	['static', 'dynamic']
4532356	faust	0	[]	[]
934157	ffp	0	[]	[]
3236625	fjölnir	1980	['object-oriented']	[]
2857297	fl	1989	['function-level', 'functional']	['dynamic']
1332640	flavors	0	[]	[]
26480678	flex (language)	0	[]	[]
82760	flow-matic	1955	['imperative']	[]
1170592	focal	1968	[]	[]
867853	focus	0	[]	[]
602746	foil	0	[]	[]
55755598	formac	0	[]	[]
343386	formula language	0	[]	[]
11012	forth	1970	['Procedural', 'stack-oriented', 'reflective', 'concatenative']	[]
11168	fortran	1957	['multi-paradigm', 'structured', 'imperative', 'procedural', 'object-oriented', 'generic']	['strong', 'static', 'manifest']
1822171	fortress	2006	[]	['static']
899253	fp	1977	['function-level']	[]
2188401	franz lisp	1980	[]	['dynamic', 'strong']
899874	f-script	2009	['multi-paradigm', 'object-oriented', 'array']	['dynamic']
41280138	game maker language	0	[]	[]
1131159	gamemonkey script	0	[]	[]
1438314	gams	0	[]	[]
34216878	gap computer algebra system	0	[]	[]
1027403	g-code	1950	[]	[]
54139488	gdscript	0	[]	[]
25291443	genie	2008	['multi-paradigm', 'imperative', 'structured', 'object-oriented']	['static', 'strong']
4410977	geometric description language	0	[]	[]
36133392	george	0	[]	[]
40218899	glsl	0	[]	[]
30196706	gnu e	1991	['object-oriented']	['strong']
25039021	go	2009	['Multi-paradigm', 'concurrent', 'functional', '[1]', 'imperative', 'object-oriented', '[2]', '[3]']	['inferred', 'static', 'strong', 'structural', '[6]', '[7]']
25045328	go!	2003	['Multi-paradigm', 'concurrent', 'logic', 'functional', 'imperative', 'object-based']	['strong']
4993415	game oriented assembly lisp	2001	[]	['dynamic', 'latent', 'strong']
936719	gödel	1992	['declarative', 'logic']	['strong']
47051765	golo	2012	[]	['dynamic', 'weak']
55579	mad	1959	['Imperative']	[]
31285354	apps script	0	[]	[]
29539307	gosu	0	[]	['static']
577078	gpss	0	[]	[]
942857	dxc technology	0	[]	[]
144766	grass	0	[]	[]
30776767	grasshopper	2007	['visual programming']	[]
42257880	hack	2014	[]	['static', 'dynamic', 'weak', 'gradual']
52222071	haggis	0	[]	[]
267538	hal/s	0	[]	[]
40586943	halide	2012	['functional', 'parallel']	['static']
29820733	hamilton c shell	0	[]	[]
60616561	harbour (software)	0	[]	[]
49458594	hartmann pipeline	0	[]	[]
27404990	haskell	1990	['Functional']	['inferred', 'static', 'strong']
5404706	haxe	2005	['Multi-paradigm']	['static', 'dynamic', 'nominal']
24136948	hermes	0	[]	[]
723581	high level assembly (hla)	0	[]	[]
38945065	high level shader language	0	[]	[]
27421416	hollywood	0	[]	[]
13433106	hop	2006	['multi-paradigm']	[]
39338454	hopscotch	0	[]	[]
933188	hope	0	[]	[]
1151504	hugo	0	[]	[]
28231807	hume (language)	0	[]	[]
78136	hypertalk	1987	['procedural']	[]
323340	io	2002	['object-oriented', 'prototype-based']	['dynamic', 'strong']
14801	icon	1977	['multi-paradigm', 'structured']	['dynamic']
40128890	ibm basic assembly language	0	[]	[]
1205430	ibm hascript	0	[]	[]
252830	ibm informix-4gl	0	[]	[]
632241	rpgreport program generator	1959	['Multi-paradigm']	['strong', 'static']
8703218	irineu	0	[]	[]
512587	idl (interactive data language)	1977	['vector-oriented programming']	['dynamic']
39035048	idris	2007	['Functional']	[]
40650677	inform	0	[]	[]
73227	j	1990	[]	['dynamic']
419765	visual j#	2002	[]	[]
1962467	visual j++	0	[]	[]
5887624	jade	0	[]	[]
2410974	jal (compiler)	0	[]	[]
50304023	janus	2007	['concurrent constraint logic', 'imperative', 'procedural', 'reversible']	[]
3115483	jass	0	[]	[]
15881	java	1995	['Multi-paradigm', 'generic', 'object-oriented', 'class-based', 'imperative', 'reflective']	['static, strong, safe', 'nominative', 'manifest']
9845	javascript	1995	['Multi-paradigm', 'event-driven', '[1]', 'functional', 'imperative', 'object-oriented', 'prototype-based']	['dynamic', 'duck']
391487	job control language	0	[]	[]
22203007	jean	0	[]	[]
2225745	join java	2000	['Procedural', 'Reflective']	[]
140643	joss	1963	[]	[]
502786	joule	1996	['multi-paradigm', 'object-oriented', 'distributed', 'Dataflow']	[]
224748	jovial	1960	['procedural', 'imperative', 'structured']	[]
696166	joy	2001	['multi-paradigm', 'functional', 'concatenative', 'stack-oriented']	['strong', 'dynamic']
263872	jscript	1996	[]	['dynamic', 'weak', 'duck']
38455554	julia	2012	['Multi-paradigm', 'multiple dispatch', 'procedural', 'functional', 'meta', 'multistaged', '[1]']	['dynamic', 'nominative', 'parametric', 'optional']
890956	k	1993	['array', 'functional']	['dynamic', 'strong']
4400159	kaleidoscope	0	[]	[]
1433925	karel the robot	1981	['procedural']	[]
1370630	kixtart	0	[]	[]
60130039	klerer-may system	0	[]	[]
5558061	knowledge interchange format	0	[]	[]
52836480	kojo	0	[]	[]
41819039	kotlin	2011	[]	['inferred', 'static', 'strong']
17224	krc	1981	['functional']	[]
17227	krl	1976	['knowledge representation']	[]
50540803	kuka robot language	0	[]	[]
29824534	krypton	0	[]	[]
52197438	korn shell	0	[]	[]
13837554	kodu	0	[]	[]
36091677	kivy	0	[]	[]
544733	labview	0	[]	[]
66251	ladder logic	0	[]	[]
524247	lasso	1995	['Multi-paradigm', 'structured', 'object-oriented', 'multi-dis', 'imperative', 'procedural', 'concurrent', 'exp-oriented', 'Meta', 'reflective']	['dynamic', 'nominative', 'duck']
1982671	lava	0	[]	[]
62088108	lc-3	0	[]	[]
8661235	legoscript	0	[]	[]
35320077	little implementation language	0	[]	[]
169144	lilypond	0	[]	[]
236298	limbo	1995	['Concurrent']	['strong']
2782804	limnor	0	[]	[]
4298516	linc 4gl	0	[]	[]
493076	lingo	0	[]	[]
11904240	linq	0	[]	[]
12073324	lis	0	[]	[]
36674108	language for instruction set architecture	0	[]	[]
18016	lisp	1958	['Multi-paradigm', 'functional', 'procedural', 'reflective', 'meta']	['dynamic', 'strong']
10780425	lite-c	2007	[]	[]
908572	lithe	0	[]	[]
4740151	little b	2004	['functional']	['dynamic', 'strong']
41754003	ethereum	0	[]	[]
18334	logo	1967	[]	['dynamic']
7792164	logtalk	1998	['Logic programming', 'object-oriented programming', 'prototype-based programming']	[]
239268	lotusscript	0	[]	[]
904645	lpc	0	['multi-paradigm', 'object-oriented', 'functional', 'procedural', 'prototype-based']	['weak', 'static', 'strong']
11730351	lse	0	[]	[]
843913	linden scripting language	0	[]	[]
30890362	livecode	0	[]	[]
17731	livescript	2011	['multi-paradigm', 'functional', 'object-oriented']	['dynamic', 'weak']
46150	lua	1993	['Multi-paradigm', 'scripting', 'imperative', 'procedural', 'prototype-based', 'object-oriented', 'functional']	['dynamic', 'strong', 'duck']
1485589	lucid	1976	['Dataflow']	[]
2211835	lustre	0	[]	[]
18305664	lyapas	1964	[]	['dynamic']
18530	lynx	0	[]	[]
941103	m2001	0	[]	[]
625653	m4	1977	['macro']	[]
51974468	m sharp	0	[]	[]
20683	machine code	0	[]	[]
2988758	magik	0	[]	[]
39203693	magma computer algebra system	0	[]	[]
1251423	maude system	0	[]	[]
530658	máni	0	[]	[]
79099	maple	0	[]	[]
7920952	mapper	0	[]	[]
7918764	mark iv (software)	0	[]	[]
20340	mary	1970	['imperative']	['static', 'strong']
1061469	microsoft macro assembler	0	[]	[]
202110	math-matic	1957	['imperative']	[]
51022500	mathematica	0	[]	[]
20412	matlab	0	[]	[]
95925	maxima	0	[]	[]
479795	max	0	[]	[]
1690201	maya embedded language	0	[]	[]
586499	mdl	1971	[]	['dynamic', 'strong']
19726	mercury	1995	['Logic', 'functional', 'object-oriented']	['strong', 'static', 'polymorphic']
19962	mesa[1]	1976	[]	[]
44263	metafont	0	[]	[]
226438	mheg-5	0	[]	[]
20072	microassembler	0	[]	[]
2232731	microscript	0	[]	[]
3359079	miis	0	[]	[]
51603617	milk	0	[]	[]
4017688	mimic	0	[]	[]
27970668	mirah	0	[]	['static, with dynamic features', 'strong', 'inferred']
93267	miranda	1985	['lazy', 'functional', 'declarative']	['strong', 'static']
849448	miva script	1996	['imperative']	[]
20607	ml	1973	['Multi-paradigm', 'functional', 'imperative']	['inferred', 'static', 'strong']
1318381	model 204	0	[]	[]
1467946	modelica	1997	['declarative language']	[]
20824	modula	1975	[]	[]
24102707	modula-2	1978	['imperative', 'structured', 'modular', 'data and procedure hiding', 'concurrent']	[]
241545	modula-3	1980	['imperative', 'structured', 'procedural', 'modular', 'concurrent']	['strong', 'static', 'safe', 'unsafe']
948998	mohol programming languages	0	[]	[]
20178	moo	1990	['multi-paradigm', 'structured', 'prototype-based']	['dynamic']
1979848	mortran	0	[]	[]
6378343	mouse	0	[]	[]
928466	mpd	0	[]	[]
1730437	mathcad	0	[]	[]
310996	mirc scripting language	1995	['Event-driven programming', 'Procedural programming']	['dynamic typing']
19723	mumps	1966	['Procedural']	[]
30874575	mupad	0	[]	[]
1637709	mystic bbs	0	[]	[]
60647	netwide assembler	0	[]	[]
5748470	napier88	0	[]	[]
59627681	neko	0	[]	[]
30883042	nemerle	2003	['multi-paradigm', 'metaprogramming', 'functional', 'object-oriented', 'imperative']	['static', 'strong', 'inferred', 'nominal']
919571	nesl	1993	['functional', 'array']	[]
18491810	net.data	0	[]	[]
593757	netlogo	1999	[]	['dynamic', 'strong']
11690683	netrexx	1996	['multiparadigm', 'object-oriented', 'procedural', 'structured']	['static, strong, safe', 'dynamic', 'string']
1964813	newlisp	1991	[]	[]
6433017	newp	0	[]	[]
24308364	newspeak	2006	['object-oriented', 'functional']	['dynamic', 'optional']
60545	newtonscript	1993	['Prototype', 'Object-oriented']	['dynamic']
21571	nial	1981	['array']	['dynamic']
294856	nice	0	[]	[]
4072208	nickle	2001	['multi-paradigm']	[]
45413679	nim	2008	[]	['static', '[1]', 'strong', '[2]', 'inferred', 'structural']
37469066	nord programming language	0	[]	[]
16826148	not exactly c	0	[]	[]
969174	not quite c	0	[]	[]
17151577	nu	2007	['structured', 'imperative', 'functional', 'object-oriented']	[]
853032	nwscript	2002	[]	[]
30803208	nxt-g	0	[]	[]
851815	o:xml	0	[]	[]
16840885	oak	0	[]	[]
22496	oberon	1986	['Imperative', 'structured', 'modular', 'object-oriented']	[]
1063980	obj2	0	[]	[]
1064021	object lisp	0	[]	[]
1064025	objectlogo	0	[]	[]
1353817	object rexx	1988	['Object-oriented', 'class-based']	[]
630175	object pascal	1986	['Imperative', 'structured', 'object-oriented', 'functional (Delphi dialect only)', 'component-based', 'event-driven', 'generic']	['static and dynamic', 'rtti', 'strong', 'safe']
39809523	objective-c	1984	['Reflective', 'class-based', 'object-oriented']	['static', 'dynamic', 'weak']
19176983	objective-j	2008	['Multi-paradigm', 'reflective', 'object-oriented', 'functional', 'imperative', 'scripting']	['dynamic', 'weak', 'duck']
602578	obliq	0	['multi-paradigm', 'parallel', 'Prototype-based']	['strong', 'dynamic']
39652	ocaml	1996	['Multi-paradigm', 'functional', 'imperative', 'object-oriented']	['inferred', 'static', 'strong', 'structural']
22660	occam	1983	['Imperative', 'procedural', 'concurrent']	[]
2079775	occam-π	0	['Imperative', 'procedural', 'concurrent']	[]
48707	gnu octave	0	[]	[]
3375679	omnimark	0	[]	[]
3304684	onyx	0	[]	[]
32976878	opa	2011	['multi-paradigm', 'functional', 'imperative']	['static', 'strong', 'inferred']
1936835	opal	0	[]	[]
17861917	opencl api	0	[]	[]
1071357	openedge advanced business language (abl)	0	[]	[]
832032	open programming language (opl)	1984	['imperative', 'structured', 'embedded']	[]
7841593	openvera	0	[]	[]
475829	ops5	0	[]	[]
28952622	optimj	2006	['object-oriented']	[]
13345244	orc	2004	['concurrent', 'nondeterministic']	[]
19981418	orca/modula-2	0	[]	[]
35116049	oriel	1991	['Imperative', 'Procedural']	[]
15127684	orwell	1984	['Lazy', 'functional']	[]
4249746	oxygene	2005	[]	[]
256916	oz	1991	['multi-paradigm', 'logic', 'functional', 'imperative', 'object-oriented', 'constraint', 'distributed', 'concurrent']	['dynamic']
53163248	p	2012	[]	[]
46347117	p4	2013	['compiled', 'domain-specific', 'imperative']	[]
2242844	p′′	1964	['Imperative', 'structured']	[]
36619168	parasail	2009	['compiled', 'concurrent', 'imperative', 'structured', 'object-oriented']	['strong', 'static']
24383128	pari/gp	0	[]	[]
23773	pascal	1970	['Imperative', 'Structured']	['static', 'strong', 'safe']
31788384	pascal script	2000	['Procedural', 'object-oriented', 'scripting']	['strong']
17955097	pcastl	2008	['imperative', 'reflective']	[]
31005079	programming language for computable functions	0	[]	[]
2603123	pearl	0	[]	[]
5157513	peoplecode	0	['multi-paradigm', 'object-oriented', 'imperative']	[]
23939	perl	1987	['Multi-paradigm', 'functional', 'imperative', 'object-oriented', 'class-based', 'reflective']	[]
908764	perl data language (pdl)	1996	['Array']	[]
62080920	perl 6	0	[]	[]
23490878	pharo	2008	[]	[]
24131	php	1995	['Imperative', 'functional', 'object-oriented', 'procedural', 'reflective']	['dynamic', 'weak', 'gradual', '[4]']
379013	pico	1997	['Reflective', 'procedural']	[]
46463857	picolisp	0	[]	[]
6751312	pict	0	['Concurrent']	['static']
86780	pike	1994	['multi-paradigm', 'object-oriented', 'functional', 'procedural']	['static', 'dynamic', 'manifest']
57399	pilot	0	[]	[]
509700	pizza	0	['generics', 'algebraic types']	[]
507366	pl-11	0	[]	[]
507221	pl/0	0	[]	[]
350323	programming language for business	1972	['Procedural', 'imperative']	['strong', '[1]', 'static']
309357	pl/c	1973	['procedural', 'imperative', 'structured']	['strong']
543057	pl/m	1973	[]	[]
1960521	pl/p	0	[]	[]
33862363	pl/sql	0	[]	[]
15774460	pl360	0	[]	[]
5081365	planc	0	[]	[]
65944	plankalkül	1948	['Procedural']	[]
46143	planner	1969	[]	[]
21866469	plex	1970	['procedural', 'imperative']	[]
19189627	plexil	2005	['Multi-paradigm']	['static', 'unsafe', 'nominative']
27900530	plus	1976	['imperative', 'structured']	['static', 'strong', 'safe']
562827	pop-11	0	[]	[]
981616	pop-2	0	[]	[]
24080	postscript	1982	['Multi-paradigm', 'stack-based', 'procedural']	[]
159350	pov-ray	0	[]	[]
25663569	powerhouse	0	[]	[]
1611118	appeon powerbuilder	0	[]	[]
14465871	powershell	2006	['Imperative', 'pipeline', 'object-oriented', 'functional', 'reflective']	['strong', 'safe', 'implicit', 'dynamic']
5005125	polymorphic programming language	0	[]	[]
546083	processing	2001	['Object-oriented']	[]
28051408	processing.js	0	[]	[]
521637	prograph	1983	['multi-paradigm', 'object-oriented', 'visual', 'dataflow']	[]
580197	proiv	0	[]	[]
23485	prolog	1972	['Logic programming']	[]
1064169	promal	1984	['Imperative', 'procedural', 'structured']	[]
9733137	promela	0	[]	[]
40811716	prose modeling language	0	[]	[]
13134192	protel	0	[]	[]
2276397	providex	1992	[]	[]
13142178	pro*c	0	[]	[]
20446791	pure	2008	['Functional', 'declarative', 'term rewriting']	['strong', 'dynamic']
480378	pure data	0	[]	[]
23862	python	1990	['Multi-paradigm', 'functional', 'imperative', 'object-oriented', 'reflective']	['duck', 'dynamic', 'gradual', '[4]']
18595067	q	2003	['Array', 'functional']	['dynamic', 'strong']
56025620	q#	2017	['multi-paradigm', 'quantum', 'functional', 'imperative']	['static', 'strong']
38441485	قلب	2012	['Functional']	[]
9609819	qtscript	0	[]	[]
25207	quakec	1996	['imperative', 'procedural', 'structured']	['static', 'strong']
2137644	quantum programming	0	[]	[]
376707	r	1993	[]	['dynamic']
8387439	r++	0	[]	[]
3350021	racket	1995	['Multi-paradigm', 'functional', 'imperative', 'logic', 'meta', 'modular', 'object-oriented', 'reflective']	['dynamic', 'static', 'strong']
26407459	rapid	1994	[]	[]
146951	rapira	0	[]	[]
642890	ratfiv	0	[]	[]
390257	ratfor	1976	[]	[]
171918	rc	1989	['imperative', 'pipeline']	['weak']
60312680	reason	2016	['Multi-paradigm', 'functional', 'imperative', 'object-oriented']	['inferred', 'static', 'strong', 'structural']
35733875	red	2011	['imperative', 'functional', 'symbolic']	[]
274362	core war	0	[]	[]
15212130	refal	0	[]	[]
593529	rlab	0	[]	[]
931356	roop	0	[]	[]
512681	rpl	1986	['stack', 'structured', 'object-oriented']	[]
867311	robot battle	0	[]	[]
28045268	rtl/2	1972	['structured', 'imperative']	[]
25768	ruby	1995	['Multi-paradigm', 'functional', 'imperative', 'object-oriented', 'reflective']	['duck', 'dynamic', 'strong']
11166672	runescript	0	[]	[]
29414838	rust	2010	[]	['inferred', 'linear', 'nominal', 'static', 'strong']
919313	s	1976	['multi-paradigm', 'imperative', 'object oriented']	['dynamic', 'strong']
439466	s2	1999	['Object-oriented']	[]
11484588	s3	0	['Structured', 'imperative']	[]
356693	s-lang	0	[]	[]
3830007	s-plus	0	[]	[]
8787221	sa-c	0	[]	[]
531030	sabretalk	0	[]	[]
481275	sail	0	[]	[]
3879739	sam76	0	[]	[]
25598423	sas system	0	[]	[]
1298198	sasl	1972	['functional']	[]
28763	sather	1990	['object-oriented', 'functional']	['static', 'strong']
12640293	sawzall	0	[]	[]
3254510	scala	2004	['Multi-paradigm', 'concurrent', 'functional', 'imperative', 'object-oriented']	['inferred', 'static', 'strong', 'structural']
28119	scheme	1975	[]	['dynamic', 'latent', 'strong']
153563	scilab	0	[]	[]
9236158	scratch	2002	['Event-driven', 'visual', 'block-based']	[]
13819923	script.net	0	['imperative', 'meta', 'scripting']	['dynamic']
27163	sed	1974	['scripting']	[]
36346048	seed7	2005	['multi-paradigm', 'extensible', 'object-oriented', 'imperative', 'structured', 'generic', 'reflective']	['static', 'strong', 'safe', 'nominative', 'manifest']
60265	self	1987	['object-oriented', 'prototype-based']	['dynamic', 'strong']
9096092	sensetalk	0	[]	[]
37895661	sequencel	1989	[]	['static', 'type inference']
916963	setl	1969	['multi-paradigm', 'imperative', 'procedural', 'structured', 'object-oriented']	['dynamic']
46574755	superbase database	0	[]	[]
32475185	signal	0	[]	[]
39282074	simple	0	[]	[]
1064164	simscript	0	[]	[]
29513	simula	1962	['Object-oriented']	['static', 'nominative']
562695	simulink	0	[]	[]
2049655	singularity project	0	[]	[]
57406	sisal	1983	['functional', 'dataflow']	['static', 'strong']
4449554	slip	0	[]	[]
1808130	small	0	[]	[]
28319	smalltalk	1972	['Object-oriented']	['strong', 'dynamic']
100337	standard ml	1983	['Multi-paradigm', 'functional', 'imperative']	['strong', 'static', 'inferred']
1569550	strongtalk	2002	['Object-oriented']	['dynamic', 'static']
34236881	snap! (byob[note 1])	2011	['object-oriented', 'educational', 'event-driven']	['dynamic']
29515	snobol	1962	['Imperative', 'unstructured']	[]
30772911	snowball programming language	0	[]	[]
4536722	secure operations language	0	[]	[]
6817996	solidity	0	[]	[]
6400247	sophaeros	0	[]	[]
291874	spark	0	['Multi-paradigm']	['static', 'strong', 'safe', 'nominative']
24641580	speakeasy	0	[]	[]
6616312	speedcoding	1953	['structured', 'object-oriented', 'generic']	['strong', 'static', 'manifest']
5118476	parallax propeller	0	[]	[]
827334	sp/k	1974	['structured', 'imperative']	['static', 'strong']
14654906	ibm 1401 symbolic programming system	0	[]	[]
29004	sql	1974	['Multi-paradigm', 'declarative']	['static', 'strong']
1862060	sqr	0	[]	[]
37426	squeak	1996	['object-oriented']	['dynamic']
2819069	squirrel	2003	['Multi-paradigm', 'scripting', 'imperative', 'functional', 'object-oriented']	['dynamic']
485875	sr	0	[]	[]
485828	s/sl programming language	0	[]	[]
7837169	strand	0	[]	[]
1809002	stata	0	[]	[]
562713	stateflow	0	[]	[]
2199610	subtext	0	[]	[]
346978	supercollider	0	[]	[]
5235763	supertalk	0	[]	[]
42946389	swift	2014	['Multi-paradigm', 'protocol-oriented', 'object-oriented', 'functional', 'imperative', 'block structured']	['static', 'strong', 'inferred']
42946796	swift (parallel scripting language)	2007	[]	['strong']
5029025	sympl	0	[]	[]
2540686	systemverilog	2002	['Structured', 'Object-oriented']	['static', 'weak']
875484	t	1982	['Multi-paradigm', 'object-oriented', 'imperative', 'functional', 'meta']	['dynamic', 'strong']
1558785	tacl	0	[]	[]
1719114	tacpol	0	[]	[]
227991	tads	1988	['prototype-based', 'domain-specific']	['strong typing', 'type inference']
1558864	transaction application language	0	[]	[]
39880682	tcl	1988	['Multi-paradigm', 'event-driven', 'functional', 'imperative', 'object-oriented']	['dynamic typing', 'string']
3431871	tea	1997	['Multi-paradigm', 'Functional', 'Object-oriented', 'class-based']	[]
991259	telcomp	1965	[]	[]
4269756	ubercode	0	[]	[]
31925	ucsd pascal/p-system	0	[]	[]
39874090	umple	2008	['object-oriented']	['static']
902180	unicon	0	['object-oriented', 'procedural']	[]
2905637	uniface	0	[]	[]
3092830	unity	0	[]	[]
32035	unix shell	0	[]	[]
118373	unrealscript	0	[]	[]
12655903	vala	2006	['Multi-paradigm', 'imperative', 'structured', 'object-oriented']	['static', 'strong']
63863	verilog	1984	['Structured']	['static', 'weak']
43410	vhdl	1980	[]	['strong']
32478	vim	0	[]	[]
6097382	visual basic	1991	['Object-based', 'Event-driven']	['static', 'strong']
13483991	visual dataflex	0	[]	[]
45738	visual dialogscript	0	[]	[]
18931861	visual fortran	0	[]	[]
23952547	visual foxpro	0	[]	[]
11359313	visual j	0	[]	[]
837643	visual objects	0	[]	[]
1741668	visual prolog	0	['multi-paradigm', 'logical', 'functional', 'object-oriented', 'imperative']	['static', 'strong', 'inferred']
21802981	vsxu	0	['Visual programming']	['strong']
31410310	watfiv	0	[]	[]
47013794	webassembly	2017	['Imperative', 'structured', 'expression-oriented']	['static']
24964854	webdna	0	[]	[]
48747326	whiley	2010	['Imperative', 'Functional']	['strong, safe, structural, flow-sensitive']
2343156	winbatch	0	[]	[]
40205956	wolfram language	1988	['Multi-paradigm', 'term-rewriting', 'functional', 'procedural', 'array']	['dynamic', 'strong']
43528524	wyvern	0	[]	[]
21146483	x++	0	[]	[]
1932246	x10	2004	['Object-oriented']	['static, strong, safe, constrained']
572327	xbase	0	[]	[]
2924800	xbase++	0	[]	[]
793475	xbl	0	[]	[]
39153713	xc programming language	0	[]	[]
1615369	xharbour	0	[]	[]
2855241	xl	2000	['Multi-paradigm', 'concept-oriented', 'imperative', 'functional']	['strong']
39624220	xojo	0	[]	[]
551037	xotcl	2000	['multi-paradigm', 'object-oriented', 'functional', 'Imperative', 'event-driven programming']	['dynamic typing', 'string']
57408699	xod	0	[]	[]
19086670	xpath	1998	['Query language']	[]
902082	xpl	0	[]	[]
18528411	xpl0	0	[]	[]
23742879	xquery	2007	['declarative', 'functional', 'modular']	['dynamic', '[2]', '[3]', 'strong']
4723102	xsb	0	['Logic Programming']	[]
50274716	xsharp	0	[]	[]
25386274	xsl transformations	0	[]	[]
36462606	xtend	2011	['Object-oriented', 'imperative', 'functional']	['static', 'strong', 'inferred']
175271	yorick	1996	[]	[]
26657733	yql	0	[]	[]
2248859	yoix	2000	['Multi-paradigm', 'Object-based', 'procedural']	[]
34521	z notation	0	[]	[]
31495398	zebra programming language	0	[]	[]
928636	zeno	0	[]	[]
2110332	zetalisp	0	[]	[]
4426247	zopl	0	[]	[]
95928	z shell	0	[]	[]
890761	zpl	1993	['Array']	[]
140589	z++	0	[]	[]
1545014	pl/pgsql	1998	[]	[]
11665200	sql/psm	1996	['Multi-paradigm']	[]
2994338	a♯	1971	['Multi-paradigm', 'object-oriented', 'functional']	[]
25051106	newsqueak	0	['Concurrent']	['strong']
17213	kornshell	0	[]	[]
29047	steelman language requirements	0	[]	[]
949010	algol y	0	[]	[]
26574070	ecmascript harmony	0	[]	[]
11044709	actor-based concurrent language	0	[]	[]
1366035	stos basic	1988	[]	[]
40889417	coopr	0	[]	[]
56284859	natural language programming	0	[]	[]
2281448	autoit	1999	['Object-oriented', 'imperative', 'functional', 'procedural', 'reflective']	[]
34211	xslt	1998	['Declarative']	[]
1064178	dataparallel-c	0	[]	[]
2116391	*lisp (starlisp)	1986	[]	['dynamic', 'strong']
8157205	typescript	2012	['Multi-paradigm', 'functional', 'generic', 'imperative', 'object-oriented']	['duck', 'gradual', 'structural', '[4]']
1042779	cω	2003	['multi-paradigm', 'structured', 'imperative', 'object-oriented', 'event-driven', 'functional']	['static', 'strong', 'safe']
25458359	cray mta	0	[]	[]
7922315	cray xmt	0	[]	[]
391472	pl/1	0	[]	[]
381842	openmp	0	[]	[]
43723435	hy	2013	['Multi-paradigm', 'procedural', 'functional', 'object-oriented', 'meta', 'reflective', 'generic']	[]
41671035	lfe	2008	['Multi-paradigm', 'concurrent', 'functional']	['dynamic', 'strong']
6219357	aimaco	1959	['imperative']	[]
35783688	fact computer language	0	[]	[]
326530	yaml	0	[]	[]
4158686	eulisp	1990	['multi-paradigm', 'functional', 'procedural', 'meta', 'object-oriented']	['strong', 'dynamic']
6976849	islisp	0	[]	[]
19946240	moose (perl)	0	[]	[]
6693612	skill	1990	['functional', 'OOP']	['dynamic']
1625207	subl	0	[]	[]
47775	lisp machine lisp	1976	[]	[]
47774	maclisp	1966	[]	['dynamic', 'strong']
353464	interlisp	1968	[]	[]
449019	oberon-2	1991	['imperative', 'structured', 'modular', 'object-oriented']	['strong', 'static']
1453	algol	1958	['Procedural', 'imperative', 'structured']	[]
13191	html(hypertext markup language)	0	[]	[]
10965409	minid	2006	['Multi-paradigm', 'object-oriented', 'Imperative']	['dynamic']
33850384	qore	0	['multi-paradigm', 'thread safe', 'parallel', 'shared memory', 'functional', 'imperative', 'object-oriented', 'class-based', 'procedural', 'functional']	[]
7419372	foxpro	0	[]	[]
2539467	vp-info[1]	0	[]	[]
53428852	redux	0	[]	[]
4426773	agda	2007	['Functional']	[]
33079424	alf (theorem prover)	0	[]	[]
38053070	akka	0	[]	[]
20217814	reia	0	[]	[]
27828947	simple theory of types	0	[]	[]
1474975	croquet	0	[]	[]
13567	hypercard	0	[]	[]
746828	starlogo	2001	['Multi-paradigm', 'educational', 'procedural', 'agent-based', 'simulation']	['duck', 'dynamic', 'strong']
6983799	agentsheets	1991	['object-oriented', 'educational']	[]
23153417	concurrent euclid	0	[]	[]
31105	turing	1982	['multi-paradigm', 'object-oriented', 'procedural']	['static', 'manifest']
5976852	fortran 95	0	[]	[]
57798059	dafny	0	[]	[]
60393	arith-matic	0	[]	[]
617705	basic-plus	1970	['imperative']	[]
332693	burroughs large systems	0	[]	[]
27174347	pact i	0	[]	[]
4993482	allegro common lisp	1986	[]	['dynamic', 'strong']
13675387	isabelle theorem prover	0	[]	[]
17643059	omega	0	[]	[]
60230260	purescript	2013	['Functional']	['static', 'strong', 'inferred']
1146638	raku	2015	['Multi-paradigm']	['dynamic', 'gradual']
9019708	gofer	0	[]	[]
15127771	id	0	[]	[]
233385	iswim	1966	['imperative', 'functional']	[]
20148120	ioke	2008	['object-oriented', 'prototype-based']	['strong', 'dynamic']
4075450	actor model middle history	0	[]	[]
411454	ibm rpg ii	0	[]	[]
60378	ibm 709/90 9pac	0	[]	[]
6135484	fargo	0	[]	[]
215824	gambas	1999	[]	[]
44365118	atscript	0	[]	[]
28116392	qml	2009	['Multi-paradigm', 'declarative', 'reactive', 'scripting']	['dynamic', 'strong']
1838572	cal	0	[]	[]
2009536	stackless python	0	[]	[]
418603	clips	1985	['expert systems']	[]
26384	rebol	1997	['language oriented programming', 'data exchange', 'functional', 'prototype-based', 'imperative']	['dynamic', 'strong']
303031	information processing language (ipl)	1956	['Assembly']	[]
6648528	kturtle	0	[]	[]
9069072	puredata	0	[]	[]
9857086	cedar	0	[]	[]
1002285	fortran 90	0	[]	[]
39516472	zonnon	2013	['imperative', 'structured', 'modular', 'object-oriented']	[]
949017	algol-w	0	[]	[]
7632959	modula-2+	1980	['imperative', 'structured']	['strong', 'static']
539194	muf	0	[]	[]
17687494	profile scripting language	1998	['Procedural']	[]
20961640	active oberon	0	[]	[]
25572284	rexx	1979	['multiparadigm', 'procedural', 'structured']	[]
11090266	tom	1999	['object-oriented']	[]
19905196	ats	0	['multi-paradigm', 'functional', 'imperative']	['static']
3432584	structured text	0	[]	[]
62017767	superplan	0	[]	[]
900125	begriffsschrift	0	[]	[]
200138	interpress	0	[]	[]
431985	as/400 control language	0	['imperative']	[]
11946436	tk	0	[]	[]
22561399	chef	0	[]	[]
14432911	puppet (software)	0	[]	[]
864364	dataflow	0	[]	[]
598669	diagram	0	[]	[]
17178	kl0	0	[]	[]
17179	kl1	0	[]	[]
912124	business basic	0	[]	[]
508401	groovy	2003	['Object-oriented', 'imperative', 'scripting']	['dynamic', 'static', 'strong', 'duck']
1988114	xlispstat	0	[]	[]
507928	inferno	0	[]	[]
44013448	scratchjr	0	[]	[]
56882690	agentcubes	2006	['object-oriented', 'educational']	[]
9771	ed	0	[]	[]
920004	setl2	0	[]	[]
920018	isetl	0	[]	[]
2179985	sac	1994	['array', 'functional']	['static', 'strong']
859608	imp	0	[]	[]
78126	sketchpad	0	[]	[]
8115636	burroughs b5000	0	[]	[]
9672320	contextual query language	0	[]	[]
2574343	sparql	2008	['Query language']	[]
21670195	java persistence query language	0	[]	[]
40516644	n1ql	0	[]	[]
32169	unified modeling language	0	[]	[]
23497750	basic4ppc	2005	['Procedural programming', 'Event-driven']	['static', 'weak']
19160625	nsb/appstudio	0	[]	[]
20153719	microsoft small basic	2008	['Structured', 'imperative', 'object-oriented']	['dynamic', 'weak']
22497	opengl	0	[]	[]
38962533	asm.js	2013	[]	[]
5903016	symbolic manipulation program	0	[]	[]
9689799	otcl	0	[]	[]
424362	xforms	0	[]	[]
85011	xpointer	0	[]	[]
44196	dsssl	0	[]	[]
12098545	joins (concurrency library)	0	[]	[]
35640209	polyphonic c sharp	0	[]	[]
12304060	kawa	1998	[]	[]
13054873	lelisp	0	[]	[]
1064120	objvlisp	0	[]	[]
1063953	oaklisp	1986	['multi-paradigm', 'object-oriented', 'functional', 'procedural']	['dynamic', 'strong']
1064127	le lisp	1981	[]	[]
1176702	d language	0	[]	[]
149766	microsoft basic	1975	[]	[]
516845	dartmouth basic	1964	['imperative']	[]
62086758	tymshare super basic	0	[]	[]
303734	macsyma	0	[]	[]
7611352	xaml	0	[]	[]
1575082	json	0	[]	[]
1951390	dependent ml	0	[]	[]
23712097	qbasic	1991	['Procedural']	[]
34994823	openlisp	1988	[]	['dynamic', 'strong']
1443566	freebasic	2004	['Procedural', 'object-oriented']	['static']
18410776	qb64	2007	[]	[]
63569	quickbasic	0	[]	[]
13087	gw-basic	1983	[]	[]
327744	msx basic	1983	['imperative']	[]
5134584	ibm cassette basic	0	[]	[]
23093599	ibm disk basic	0	[]	[]
38212017	ibm basica	0	[]	[]
1172241	vilnius basic	1986	['imperative', 'algorithmic']	[]
